,movie_code,duration,facenumber_in_poster,country,budget,gross,num_voted_users,num_user_for_reviews,num_critic_for_reviews,movie_facebook_likes,director_facebook_likes,actor_1_facebook_likes,actor_2_facebook_likes,actor_3_facebook_likes,cast_total_facebook_likes,imdb_score,imdb_score_class
2574,2575,108.0,7.0,USA,16000000.0,,5237,90.0,42.0,392,38.0,940.0,416.0,316.0,1945,4.9,Fair
1483,1484,115.0,3.0,USA,35000000.0,14587732.0,4795,39.0,13.0,452,468.0,605.0,367.0,150.0,1290,5.7,Fair
1780,1781,97.0,2.0,USA,28000000.0,16779636.0,9338,167.0,100.0,209,710.0,497.0,347.0,258.0,1805,4.8,Fair
294,295,115.0,1.0,USA,100000000.0,101228120.0,84424,131.0,81.0,0,55.0,1000.0,773.0,383.0,3454,6.1,Good
148,149,133.0,0.0,UK,142000000.0,160201106.0,169914,1185.0,264.0,0,93.0,769.0,766.0,746.0,2538,6.1,Good
4494,4495,113.0,2.0,USA,1200000.0,2859955.0,2417,32.0,10.0,0,29.0,890.0,848.0,449.0,2681,6.0,Fair
1389,1390,130.0,0.0,USA,36000000.0,13052741.0,8531,57.0,31.0,591,0.0,2000.0,912.0,723.0,3968,6.7,Good
477,478,89.0,0.0,USA,80000000.0,169692572.0,56501,97.0,152.0,16000,266.0,12000.0,11000.0,859.0,26839,6.7,Good
695,696,94.0,1.0,Hong Kong,65000000.0,19548064.0,25681,77.0,138.0,0,42.0,12000.0,9000.0,668.0,23365,6.3,Good
2839,2840,109.0,0.0,USA,13000000.0,61693523.0,6276,55.0,63.0,16000,36.0,3000.0,3000.0,579.0,7833,6.8,Good
4352,4353,90.0,0.0,UK,1000000.0,2957978.0,40481,134.0,194.0,0,120.0,41.0,27.0,0.0,68,7.8,Good
361,362,88.0,0.0,USA,90000000.0,120618403.0,171792,222.0,143.0,12000,7.0,2000.0,500.0,484.0,4478,7.5,Good
4137,4138,95.0,2.0,USA,3000000.0,,976,15.0,7.0,395,39.0,1000.0,747.0,375.0,3024,4.8,Fair
4532,4533,121.0,1.0,UK,1000000.0,,8508,56.0,30.0,328,62.0,883.0,269.0,69.0,1371,6.8,Good
441,442,83.0,1.0,USA,80000000.0,155019340.0,127345,250.0,166.0,0,12.0,13000.0,7000.0,925.0,22813,6.8,Good
1948,1949,97.0,1.0,USA,25000000.0,23527955.0,74691,165.0,213.0,0,41.0,11000.0,673.0,619.0,12841,6.4,Good
2902,2903,101.0,2.0,USA,16000000.0,11956207.0,24012,126.0,167.0,0,10.0,1000.0,668.0,472.0,3142,5.1,Fair
622,623,95.0,0.0,USA,70000000.0,13596911.0,25572,123.0,81.0,2000,101.0,2000.0,509.0,443.0,3734,6.2,Good
2858,2859,112.0,2.0,USA,13000000.0,22858926.0,254404,840.0,242.0,0,0.0,512.0,216.0,213.0,1171,7.8,Good
2455,2456,112.0,0.0,Greece,18000000.0,3707794.0,31359,156.0,263.0,0,337.0,4000.0,820.0,201.0,5671,6.7,Good
1870,1871,93.0,0.0,France,25000000.0,145000989.0,483756,974.0,309.0,29000,180.0,14000.0,816.0,485.0,16461,7.9,Good
1076,1077,93.0,0.0,USA,45000000.0,101702060.0,85323,212.0,201.0,0,40.0,14000.0,3000.0,311.0,17925,5.8,Fair
3210,3211,96.0,4.0,USA,5000000.0,1474508.0,33473,88.0,144.0,0,17.0,2000.0,989.0,688.0,4607,6.5,Good
175,176,135.0,0.0,USA,150000000.0,134518390.0,326286,643.0,354.0,0,255.0,3000.0,1000.0,882.0,5811,6.8,Good
3325,3326,122.0,12.0,Australia,9000000.0,,5741,39.0,17.0,0,8.0,174.0,109.0,59.0,498,7.1,Good
3842,3843,117.0,4.0,UK,4500000.0,52700832.0,107923,197.0,84.0,0,179.0,1000.0,398.0,239.0,1862,7.1,Good
1744,1745,88.0,0.0,Romania,12000000.0,17016190.0,28632,214.0,148.0,0,64.0,1000.0,857.0,363.0,2567,4.9,Fair
4451,4452,94.0,0.0,UK,1400000.0,36830.0,3291,63.0,60.0,400,87.0,87.0,70.0,37.0,256,6.6,Good
3140,3141,122.0,6.0,UK,10000000.0,33071558.0,22369,100.0,158.0,21000,108.0,220.0,186.0,111.0,583,6.6,Good
4653,4654,92.0,2.0,USA,,3094687.0,24391,61.0,193.0,0,43.0,904.0,517.0,172.0,1751,6.7,Good
2815,2816,186.0,1.0,USA,14000000.0,46495.0,12053,119.0,116.0,0,50.0,13000.0,1000.0,338.0,14638,6.5,Good
2521,2522,97.0,0.0,UK,17000000.0,2315683.0,4081,28.0,21.0,154,3.0,400.0,193.0,161.0,805,3.0,Bad
2067,2068,94.0,2.0,USA,23000000.0,11508423.0,3174,19.0,47.0,376,258.0,721.0,463.0,424.0,2453,5.1,Fair
783,784,101.0,2.0,USA,60000000.0,40076438.0,73368,248.0,198.0,0,50.0,22000.0,14000.0,1000.0,38809,6.0,Fair
3250,3251,100.0,1.0,UK,10000000.0,,1250,16.0,31.0,695,98.0,1000.0,891.0,95.0,2227,5.4,Fair
3092,3093,98.0,1.0,USA,10000000.0,68353550.0,70141,385.0,139.0,0,235.0,4000.0,464.0,229.0,5270,5.9,Fair
2021,2022,98.0,0.0,USA,25000000.0,1512815.0,8885,56.0,123.0,0,149.0,20000.0,617.0,439.0,21414,5.8,Fair
2583,2584,101.0,0.0,UK,20000000.0,2319187.0,92640,212.0,393.0,23000,0.0,3000.0,1000.0,888.0,5056,7.0,Good
689,690,100.0,0.0,Canada,43000000.0,24407944.0,71202,380.0,196.0,0,38.0,3000.0,1000.0,1000.0,7048,4.8,Fair
2547,2548,83.0,0.0,USA,16000000.0,39511038.0,56269,366.0,196.0,0,473.0,20000.0,4000.0,597.0,26402,5.9,Fair
991,992,99.0,0.0,USA,40000000.0,38105077.0,58349,194.0,235.0,0,160.0,330.0,119.0,72.0,701,6.4,Good
3833,3834,,2.0,India,,,57,1.0,1.0,2,0.0,5.0,0.0,0.0,5,7.1,Good
2891,2892,115.0,1.0,South Korea,12620000.0,31662.0,90,1.0,2.0,139,32.0,14000.0,81.0,29.0,14133,6.8,Good
1990,1991,95.0,3.0,USA,25000000.0,5654777.0,4875,26.0,31.0,206,32.0,843.0,593.0,324.0,2165,4.1,Fair
2702,2703,117.0,1.0,USA,15000000.0,17439163.0,537419,1028.0,249.0,35000,0.0,22000.0,12000.0,12000.0,47728,8.2,Excellent
3399,3400,111.0,1.0,France,8000000.0,3076425.0,23660,162.0,128.0,0,341.0,963.0,678.0,569.0,3543,7.1,Good
3940,3941,85.0,1.0,Australia,1500000.0,265107.0,4617,93.0,51.0,614,0.0,945.0,774.0,209.0,2282,6.3,Good
3244,3245,99.0,0.0,USA,10000000.0,,11285,82.0,62.0,509,71.0,298.0,258.0,126.0,934,5.7,Fair
4129,4130,96.0,2.0,USA,3000000.0,5005.0,2280,14.0,21.0,448,15.0,433.0,396.0,357.0,1929,5.9,Fair
4756,4757,91.0,2.0,USA,500000.0,12055.0,739,10.0,28.0,339,0.0,472.0,185.0,170.0,1047,6.5,Good
2679,2680,131.0,0.0,USA,15000000.0,15700000.0,332065,876.0,388.0,16000,0.0,10000.0,602.0,383.0,11114,7.6,Good
1966,1967,88.0,5.0,USA,,13920741.0,59900,149.0,111.0,0,82.0,874.0,434.0,432.0,2062,6.7,Good
1226,1227,106.0,2.0,USA,50000000.0,57887882.0,35508,211.0,118.0,0,23.0,1000.0,593.0,418.0,2325,6.1,Good
2494,2495,123.0,5.0,USA,17000000.0,70492685.0,11600,64.0,56.0,7000,92.0,1000.0,886.0,849.0,5306,6.7,Good
4081,4082,109.0,1.0,USA,3000000.0,8114507.0,95362,270.0,405.0,62000,0.0,140.0,63.0,48.0,328,7.9,Good
4618,4619,83.0,1.0,USA,1000000.0,,634,14.0,7.0,150,142.0,458.0,383.0,317.0,1549,2.2,Bad
557,558,99.0,1.0,UK,75000000.0,14567883.0,44248,373.0,67.0,0,545.0,933.0,722.0,533.0,2542,6.0,Fair
926,927,90.0,1.0,USA,60000000.0,267652016.0,467113,945.0,212.0,0,80.0,145.0,50.0,21.0,275,7.9,Good
1571,1572,102.0,0.0,USA,32000000.0,17797316.0,50523,113.0,167.0,0,8.0,839.0,730.0,472.0,2961,6.3,Good
3509,3510,192.0,0.0,India,7000000.0,2921738.0,34449,119.0,29.0,2000,147.0,8000.0,860.0,397.0,9984,7.9,Good
3626,3627,99.0,0.0,USA,6000000.0,2207975.0,28855,190.0,129.0,0,53.0,4000.0,3000.0,491.0,8297,7.2,Good
4258,4259,137.0,3.0,Germany,2000000.0,11284657.0,259379,407.0,215.0,39000,207.0,380.0,284.0,155.0,927,8.5,Excellent
3573,3574,122.0,1.0,UK,4500000.0,871577.0,51353,143.0,183.0,13000,210.0,845.0,631.0,471.0,2614,7.7,Good
1634,1635,85.0,0.0,UK,30000000.0,56068547.0,98160,307.0,209.0,0,9.0,567.0,269.0,100.0,1145,7.5,Good
4353,4354,86.0,5.0,New Zealand,,,333,6.0,,213,0.0,42.0,40.0,3.0,90,6.3,Good
4266,4267,115.0,0.0,Mexico,2000000.0,5383834.0,173551,361.0,157.0,11000,0.0,85.0,79.0,35.0,318,8.1,Excellent
4316,4317,88.0,3.0,UK,,,17296,91.0,107.0,0,6.0,513.0,480.0,161.0,1593,5.2,Fair
789,790,101.0,2.0,USA,87000000.0,26082914.0,51349,213.0,77.0,0,93.0,287.0,233.0,218.0,993,4.3,Fair
84,85,128.0,2.0,USA,175000000.0,38297305.0,116994,324.0,218.0,35000,47.0,18000.0,1000.0,982.0,20965,6.3,Good
253,254,125.0,0.0,USA,110000000.0,125531634.0,284852,627.0,198.0,0,0.0,11000.0,8000.0,350.0,19359,6.4,Good
5037,5038,87.0,2.0,Canada,,,629,6.0,1.0,84,2.0,637.0,470.0,318.0,2283,7.7,Good
2737,2738,98.0,1.0,UK,15000000.0,353743.0,20730,111.0,109.0,664,34.0,936.0,826.0,730.0,3578,6.9,Good
662,663,137.0,0.0,USA,65000000.0,115603980.0,103589,351.0,322.0,35000,11000.0,769.0,698.0,465.0,2938,7.2,Good
1684,1685,96.0,2.0,USA,30000000.0,18967571.0,23345,167.0,105.0,629,845.0,978.0,968.0,488.0,3072,6.1,Good
1111,1112,177.0,3.0,USA,40000000.0,27400000.0,97087,569.0,144.0,11000,0.0,913.0,362.0,202.0,2449,6.6,Good
4661,4662,114.0,1.0,USA,800000.0,1001437.0,2039,28.0,11.0,81,9.0,159.0,143.0,86.0,423,7.2,Good
216,217,125.0,3.0,USA,125000000.0,107285004.0,189855,1018.0,183.0,0,541.0,920.0,890.0,409.0,2699,3.7,Bad
384,385,132.0,0.0,USA,100000000.0,58220776.0,87785,362.0,93.0,0,0.0,49000.0,1000.0,957.0,55254,6.8,Good
4128,4129,90.0,1.0,USA,3000000.0,,62,1.0,,54,66.0,1000.0,975.0,452.0,3882,6.2,Good
2502,2503,98.0,1.0,USA,17000000.0,22734486.0,11815,117.0,75.0,320,39.0,593.0,517.0,428.0,2713,5.6,Fair
4097,4098,87.0,3.0,USA,3500000.0,3071947.0,18711,183.0,49.0,0,18.0,3000.0,2000.0,844.0,9555,5.4,Fair
282,283,171.0,0.0,USA,103000000.0,187670866.0,982637,2368.0,265.0,21000,0.0,3000.0,933.0,695.0,6521,8.5,Excellent
3123,3124,100.0,2.0,USA,10000000.0,29392418.0,3924,26.0,8.0,368,322.0,851.0,543.0,534.0,3190,5.8,Fair
2976,2977,109.0,3.0,USA,12000000.0,8134217.0,15412,90.0,81.0,0,67.0,436.0,223.0,192.0,1141,7.0,Good
3491,3492,95.0,1.0,USA,7000000.0,14003141.0,4598,29.0,28.0,375,48.0,1000.0,865.0,826.0,4837,6.1,Good
4969,4970,77.0,0.0,USA,100000.0,,80,1.0,5.0,82,0.0,45.0,0.0,0.0,45,7.6,Good
1793,1794,100.0,2.0,France,28000000.0,20285518.0,32103,112.0,177.0,0,11.0,23000.0,727.0,561.0,25387,5.7,Fair
2220,2221,101.0,1.0,USA,20000000.0,53146000.0,9845,77.0,31.0,613,154.0,1000.0,816.0,497.0,3174,6.1,Good
2670,2671,97.0,2.0,USA,14000000.0,21468807.0,13048,227.0,108.0,243,83.0,912.0,786.0,579.0,2682,4.1,Fair
2182,2183,72.0,1.0,USA,20000000.0,48423368.0,13324,79.0,80.0,302,2.0,1000.0,677.0,434.0,3402,5.8,Fair
4082,4083,95.0,1.0,USA,3000000.0,7888703.0,8465,65.0,29.0,491,4.0,641.0,168.0,152.0,1389,3.2,Bad
2058,2059,106.0,3.0,UK,23000000.0,15785632.0,32513,119.0,216.0,15000,452.0,20000.0,732.0,141.0,21195,7.5,Good
3808,3809,67.0,2.0,USA,10000000.0,,83,1.0,3.0,165,0.0,979.0,732.0,388.0,2509,6.7,Good
1129,1130,99.0,1.0,USA,40000000.0,15279680.0,48245,154.0,125.0,0,15.0,12000.0,68.0,61.0,12166,5.4,Fair
2424,2425,121.0,1.0,USA,18000000.0,45250.0,235133,494.0,151.0,0,17000.0,22000.0,394.0,356.0,23008,8.3,Excellent
3595,3596,144.0,0.0,USA,8000000.0,20400000.0,6304,87.0,32.0,403,54.0,469.0,436.0,332.0,2037,6.9,Good
3845,3846,108.0,0.0,USA,15000000.0,13060843.0,149528,454.0,202.0,0,0.0,22000.0,3000.0,346.0,26050,7.7,Good
737,738,115.0,2.0,USA,55000000.0,74540762.0,48753,323.0,125.0,0,13.0,2000.0,1000.0,579.0,4496,6.5,Good
3105,3106,90.0,6.0,USA,10000000.0,40485039.0,85362,181.0,81.0,0,65.0,18000.0,769.0,730.0,20795,6.9,Good
3300,3301,79.0,3.0,USA,8000000.0,4350774.0,10476,52.0,15.0,0,157.0,4000.0,248.0,219.0,4908,6.5,Good
2112,2113,104.0,0.0,USA,22000000.0,5974653.0,2253,111.0,18.0,158,53.0,2000.0,595.0,576.0,4221,4.1,Fair
2863,2864,104.0,0.0,USA,13000000.0,10996440.0,19707,128.0,113.0,862,35.0,24000.0,912.0,844.0,27806,6.3,Good
3853,3854,133.0,1.0,USA,4500000.0,727883.0,580999,2110.0,283.0,33000,219.0,15000.0,933.0,701.0,17040,8.1,Excellent
387,388,138.0,1.0,UK,100000000.0,35168677.0,49311,278.0,136.0,0,0.0,14000.0,602.0,123.0,15149,6.7,Good
259,260,60.0,4.0,USA,,,25402,97.0,29.0,0,,669.0,554.0,432.0,1655,7.6,Good
435,436,101.0,1.0,USA,81000000.0,242589580.0,296904,604.0,191.0,0,293.0,11000.0,7000.0,1000.0,21276,6.7,Good
2697,2698,91.0,2.0,USA,15000000.0,10443316.0,7159,88.0,42.0,247,23.0,925.0,660.0,629.0,2913,5.0,Fair
1373,1374,188.0,1.0,USA,37000000.0,22450975.0,241030,1437.0,224.0,13000,0.0,786.0,625.0,272.0,1906,8.0,Good
116,117,104.0,0.0,USA,150000000.0,256386216.0,530870,1413.0,323.0,11000,508.0,10000.0,1000.0,558.0,13076,7.2,Good
1820,1821,109.0,1.0,USA,27000000.0,13248477.0,60555,174.0,167.0,0,22.0,14000.0,716.0,355.0,15790,6.2,Good
1513,1514,96.0,0.0,USA,35000000.0,10139254.0,190990,915.0,274.0,23000,0.0,20000.0,1000.0,1000.0,24640,7.3,Good
3836,3837,100.0,1.0,France,4600000.0,513836.0,6304,21.0,87.0,0,3.0,74.0,52.0,9.0,143,7.2,Good
4458,4459,105.0,0.0,USA,1250000.0,,39,2.0,,32,0.0,883.0,655.0,467.0,3164,7.1,Good
4257,4258,86.0,0.0,France,2000000.0,12555230.0,18566,154.0,218.0,0,9.0,120.0,44.0,32.0,218,5.3,Fair
1615,1616,87.0,1.0,USA,30000000.0,64172251.0,19079,122.0,61.0,602,129.0,979.0,891.0,560.0,2911,5.4,Fair
3969,3970,226.0,1.0,USA,3977000.0,198655278.0,215340,706.0,157.0,16000,149.0,503.0,384.0,248.0,1862,8.2,Excellent
363,364,158.0,1.0,USA,90000000.0,102515793.0,330152,632.0,517.0,54000,21000.0,18000.0,1000.0,585.0,20388,7.8,Good
1452,1453,137.0,0.0,USA,35000000.0,37304950.0,102728,279.0,392.0,16000,16000.0,29000.0,6000.0,363.0,36258,6.6,Good
46,47,149.0,7.0,USA,200000000.0,233914986.0,514125,752.0,539.0,82000,0.0,34000.0,22000.0,20000.0,91434,8.0,Good
3588,3589,98.0,3.0,USA,6000000.0,39800000.0,81599,250.0,71.0,0,11000.0,13000.0,573.0,484.0,14921,7.4,Good
2992,2993,104.0,4.0,USA,12000000.0,1779284.0,12047,122.0,78.0,677,0.0,1000.0,165.0,77.0,1292,7.1,Good
4294,4295,98.0,1.0,France,17000000.0,,11031,45.0,30.0,739,0.0,1000.0,572.0,164.0,1917,6.5,Good
81,82,97.0,2.0,USA,180000000.0,241407328.0,252257,634.0,401.0,89000,171.0,11000.0,2000.0,846.0,15516,7.0,Good
231,232,135.0,0.0,USA,120000000.0,43929341.0,57873,414.0,284.0,0,0.0,690.0,107.0,87.0,902,6.1,Good
3060,3061,94.0,3.0,UK,11000000.0,3034181.0,13622,128.0,70.0,550,18.0,658.0,463.0,183.0,1559,5.4,Fair
23,24,113.0,2.0,USA,180000000.0,70083519.0,149019,666.0,251.0,0,129.0,16000.0,6000.0,1000.0,24106,6.1,Good
2871,2872,121.0,4.0,USA,13000000.0,16574731.0,27675,181.0,63.0,0,15.0,4000.0,957.0,812.0,6910,5.8,Fair
935,936,112.0,0.0,USA,50000000.0,126975169.0,287822,849.0,539.0,37000,14000.0,1000.0,560.0,417.0,3388,7.1,Good
4971,4972,80.0,3.0,USA,70000.0,,496,13.0,16.0,110,3.0,103.0,0.0,0.0,103,8.3,Excellent
4429,4430,90.0,7.0,USA,1500000.0,92362.0,444,5.0,14.0,68,7.0,890.0,597.0,424.0,3138,4.3,Fair
4166,4167,122.0,0.0,USA,2627000.0,,1553,27.0,9.0,116,149.0,760.0,675.0,315.0,2555,7.0,Good
933,934,143.0,2.0,USA,50000000.0,2175312.0,131227,346.0,272.0,41000,285.0,11000.0,8000.0,7000.0,28176,6.3,Good
4417,4418,104.0,7.0,USA,1500000.0,3447339.0,29517,79.0,97.0,0,38.0,801.0,727.0,690.0,2667,5.8,Fair
3457,3458,107.0,0.0,Germany,5000000.0,,80639,96.0,93.0,25000,23.0,287.0,150.0,93.0,635,7.6,Good
3004,3005,134.0,0.0,Hungary,2500000000.0,195888.0,5603,45.0,73.0,607,45.0,9.0,2.0,0.0,11,7.1,Good
3247,3248,85.0,0.0,South Korea,10000000.0,,162,2.0,8.0,186,0.0,1000.0,618.0,196.0,2259,4.8,Fair
2724,2725,98.0,0.0,USA,22000000.0,3247816.0,36145,108.0,223.0,0,11000.0,12000.0,6000.0,557.0,19310,6.3,Good
3652,3653,86.0,1.0,USA,6000000.0,20200.0,6797,21.0,43.0,0,4.0,11000.0,485.0,444.0,12772,5.8,Fair
643,644,113.0,1.0,USA,66000000.0,87704396.0,88132,274.0,138.0,0,36.0,537.0,427.0,232.0,1302,6.2,Good
2980,2981,113.0,0.0,USA,12000000.0,5032496.0,20576,161.0,114.0,652,11000.0,537.0,255.0,99.0,943,6.3,Good
2696,2697,107.0,3.0,USA,15000000.0,15608545.0,53471,224.0,208.0,29000,561.0,746.0,561.0,353.0,2377,5.4,Fair
3078,3079,161.0,0.0,UK,12000000.0,56715371.0,427357,1736.0,285.0,24000,0.0,273.0,117.0,73.0,727,8.3,Excellent
4290,4291,89.0,0.0,USA,2000000.0,653621.0,5615,64.0,123.0,592,13.0,373.0,334.0,218.0,1136,6.8,Good
2853,2854,100.0,1.0,USA,13000000.0,26539321.0,7984,42.0,25.0,833,15.0,694.0,558.0,388.0,2486,5.9,Fair
1638,1639,105.0,1.0,USA,30000000.0,53021560.0,74630,156.0,159.0,13000,56.0,898.0,60.0,22.0,1026,6.5,Good
3169,3170,103.0,0.0,USA,100000000.0,67631157.0,176606,374.0,321.0,25000,207.0,40000.0,11000.0,3000.0,55175,6.0,Fair
2468,2469,87.0,1.0,USA,3500000.0,,49669,419.0,184.0,3000,0.0,1000.0,177.0,83.0,1592,7.2,Good
882,883,280.0,0.0,USA,56000000.0,12870569.0,13215,497.0,84.0,953,33.0,789.0,640.0,67.0,1671,6.3,Good
1107,1108,141.0,4.0,USA,45000000.0,47307550.0,104301,269.0,339.0,28000,0.0,749.0,463.0,404.0,1948,6.5,Good
3805,3806,90.0,6.0,USA,,,215,2.0,,38,0.0,695.0,617.0,483.0,3217,4.5,Fair
1236,1237,130.0,1.0,UK,30000000.0,51185897.0,69457,271.0,105.0,0,46.0,387.0,244.0,162.0,1233,6.7,Good
232,233,121.0,4.0,USA,120000000.0,30212620.0,35066,196.0,168.0,0,274.0,273.0,216.0,157.0,993,5.3,Fair
2633,2634,104.0,1.0,USA,15000000.0,40064955.0,92074,502.0,154.0,0,0.0,4000.0,4000.0,1000.0,12170,6.4,Good
839,840,188.0,0.0,USA,55000000.0,134218018.0,126357,497.0,169.0,0,503.0,10000.0,593.0,467.0,12940,7.3,Good
3617,3618,90.0,0.0,USA,6000000.0,4859475.0,116910,520.0,152.0,0,0.0,4000.0,899.0,826.0,7103,7.2,Good
1360,1361,118.0,1.0,USA,37000000.0,6482195.0,9740,81.0,38.0,389,11.0,37.0,12.0,12.0,74,6.4,Good
3085,3086,111.0,0.0,USA,11000000.0,1066555.0,2618,111.0,43.0,411,58.0,482.0,362.0,258.0,1526,5.8,Fair
2646,2647,114.0,0.0,USA,15000000.0,32721635.0,67822,279.0,241.0,0,29.0,956.0,878.0,616.0,3861,6.6,Good
3785,3786,99.0,0.0,USA,5000000.0,830210.0,1900,56.0,12.0,0,0.0,578.0,435.0,361.0,3382,4.4,Fair
3978,3979,99.0,2.0,Iceland,3800000.0,19959.0,3579,14.0,61.0,0,29.0,117.0,64.0,64.0,298,6.9,Good
235,236,140.0,4.0,USA,113000000.0,380262555.0,520104,3286.0,359.0,10000,0.0,20000.0,16000.0,4000.0,44042,7.6,Good
2323,2324,114.0,5.0,France,20000000.0,2353728.0,4293,53.0,69.0,235,22.0,572.0,548.0,413.0,1776,6.9,Good
4658,4659,123.0,2.0,Iran,500000.0,7098492.0,151812,264.0,354.0,48000,0.0,786.0,712.0,620.0,2501,8.4,Excellent
2445,2446,112.0,0.0,USA,17000000.0,6734844.0,29591,118.0,38.0,0,213.0,567.0,67.0,45.0,711,5.9,Fair
2720,2721,103.0,2.0,USA,15000000.0,4235837.0,175962,336.0,223.0,0,1000.0,21000.0,1000.0,611.0,23932,7.6,Good
1567,1568,132.0,2.0,USA,32000000.0,2899970.0,8039,161.0,70.0,625,0.0,13000.0,898.0,876.0,16878,6.9,Good
2516,2517,107.0,6.0,USA,19000000.0,7156725.0,22639,217.0,153.0,300,80.0,2000.0,2000.0,841.0,5992,5.5,Fair
318,319,94.0,0.0,USA,84000000.0,17010646.0,40751,239.0,78.0,881,6.0,490.0,294.0,227.0,1195,2.2,Bad
1481,1482,116.0,1.0,UK,27000000.0,,23351,178.0,57.0,0,170.0,14000.0,192.0,136.0,14744,6.0,Fair
852,853,128.0,0.0,USA,55000000.0,83000000.0,36587,95.0,55.0,0,272.0,2000.0,812.0,383.0,3888,6.0,Fair
4512,4513,84.0,0.0,USA,1200000.0,,742,7.0,9.0,479,2.0,10000.0,500.0,475.0,11257,4.6,Fair
740,741,111.0,0.0,USA,60000000.0,71844424.0,33158,223.0,136.0,0,197.0,433.0,208.0,6.0,679,7.3,Good
395,396,143.0,1.0,USA,90000000.0,233630478.0,394317,1051.0,221.0,23000,0.0,15000.0,410.0,272.0,15838,7.7,Good
3662,3663,141.0,6.0,USA,5600000.0,3064356.0,3433,81.0,68.0,160,407.0,688.0,659.0,501.0,2584,6.9,Good
795,796,121.0,0.0,Germany,50000000.0,22518325.0,63363,644.0,240.0,0,0.0,19000.0,972.0,854.0,22833,5.6,Fair
254,255,126.0,2.0,USA,120000000.0,186336103.0,348861,798.0,233.0,0,218.0,11000.0,11000.0,322.0,22722,6.5,Good
2349,2350,98.0,4.0,USA,20000000.0,,50,3.0,2.0,70,2.0,729.0,282.0,53.0,1092,4.8,Fair
1704,1705,101.0,0.0,USA,23000000.0,12189514.0,30092,129.0,65.0,0,3.0,448.0,143.0,120.0,842,6.1,Good
2207,2208,92.0,0.0,USA,11000000.0,34334256.0,35131,255.0,282.0,16000,34.0,383.0,333.0,322.0,1945,4.8,Fair
2634,2635,118.0,0.0,USA,,39100956.0,13442,59.0,19.0,0,13.0,90.0,22.0,2.0,114,7.2,Good
3590,3591,106.0,0.0,USA,6000000.0,25047631.0,6585,50.0,18.0,990,44.0,865.0,405.0,328.0,2724,6.9,Good
2308,2309,106.0,0.0,Mexico,20000000.0,6420319.0,15978,122.0,45.0,15000,38.0,1000.0,1000.0,975.0,5705,7.4,Good
665,666,108.0,2.0,USA,50000000.0,70450000.0,77390,189.0,72.0,0,610.0,848.0,517.0,461.0,2913,6.0,Fair
4970,4971,114.0,0.0,USA,15000000.0,32721635.0,67824,279.0,241.0,0,29.0,956.0,878.0,616.0,3861,6.6,Good
1278,1279,119.0,1.0,USA,40000000.0,25178165.0,70292,274.0,94.0,8000,7.0,18000.0,9000.0,903.0,29484,6.7,Good
1368,1369,150.0,7.0,USA,37000000.0,92173235.0,280228,420.0,378.0,29000,0.0,10000.0,4000.0,206.0,14296,7.6,Good
2214,2215,90.0,4.0,USA,19000000.0,35033759.0,55008,93.0,161.0,21000,12.0,786.0,651.0,587.0,2462,6.3,Good
1817,1818,30.0,4.0,USA,,,3446,31.0,15.0,459,,491.0,154.0,94.0,812,8.7,Excellent
36,37,165.0,2.0,USA,210000000.0,245428137.0,242420,918.0,378.0,56000,0.0,974.0,956.0,808.0,3988,5.7,Fair
4834,4835,110.0,1.0,France,300000.0,,19386,74.0,96.0,2000,0.0,710.0,257.0,0.0,967,7.7,Good
2411,2412,44.0,8.0,USA,,,65785,281.0,20.0,0,,828.0,787.0,650.0,2546,7.5,Good
2807,2808,139.0,1.0,France,14000000.0,2474000.0,2427,27.0,20.0,127,133.0,423.0,15.0,5.0,446,5.7,Fair
4407,4408,95.0,1.0,China,,190666.0,2410,20.0,101.0,784,611.0,9.0,4.0,3.0,18,5.7,Fair
1463,1464,109.0,5.0,UK,35000000.0,28995450.0,19230,59.0,97.0,0,24.0,287.0,175.0,167.0,855,6.1,Good
3203,3204,101.0,0.0,USA,10000000.0,1631839.0,5936,91.0,49.0,242,3.0,14000.0,1000.0,826.0,17665,5.7,Fair
553,554,110.0,1.0,USA,75000000.0,83503161.0,138190,405.0,284.0,30000,763.0,15000.0,1000.0,222.0,16691,6.1,Good
422,423,106.0,1.0,USA,85000000.0,64933670.0,70838,208.0,382.0,18000,763.0,8000.0,886.0,809.0,11454,5.6,Fair
2964,2965,100.0,1.0,USA,12000000.0,12902790.0,4052,88.0,24.0,242,98.0,1000.0,849.0,604.0,3250,6.6,Good
3788,3789,136.0,0.0,India,,240425.0,1311,25.0,16.0,133,0.0,75.0,45.0,14.0,172,7.4,Good
2319,2320,93.0,3.0,USA,20000000.0,3749061.0,28629,113.0,119.0,0,19.0,15000.0,13000.0,619.0,30134,4.9,Fair
1653,1654,86.0,0.0,USA,30000000.0,38232624.0,88518,409.0,111.0,0,82.0,869.0,759.0,362.0,3854,2.7,Bad
3929,3930,101.0,0.0,UK,4000000.0,864959.0,20275,151.0,116.0,0,21.0,420.0,291.0,161.0,1215,6.9,Good
1187,1188,108.0,0.0,USA,40000000.0,118500000.0,340085,327.0,125.0,12000,0.0,1000.0,869.0,690.0,3660,7.8,Good
817,818,90.0,0.0,USA,60000000.0,35231365.0,15517,85.0,57.0,500,32.0,1000.0,891.0,809.0,6299,3.6,Bad
1658,1659,60.0,4.0,USA,,,3322,30.0,9.0,0,,971.0,805.0,468.0,3295,7.5,Good
2158,2159,94.0,2.0,USA,20000000.0,121697350.0,114610,176.0,61.0,0,122.0,1000.0,619.0,617.0,4263,7.0,Good
308,309,121.0,4.0,USA,100000000.0,184031112.0,190786,539.0,144.0,0,541.0,920.0,710.0,680.0,2880,5.4,Fair
1961,1962,107.0,2.0,USA,25000000.0,14637490.0,16411,136.0,160.0,0,0.0,798.0,374.0,255.0,2537,4.8,Fair
2414,2415,98.0,1.0,USA,18000000.0,33404871.0,150082,384.0,415.0,36000,11000.0,594.0,268.0,218.0,1353,7.3,Good
4627,4628,95.0,0.0,USA,1000000.0,,6256,19.0,39.0,936,53.0,677.0,366.0,253.0,1825,5.2,Fair
2148,2149,91.0,0.0,USA,21000000.0,958319.0,39764,148.0,276.0,17000,0.0,34000.0,242.0,220.0,34705,6.7,Good
2911,2912,108.0,5.0,Canada,15000000.0,1039869.0,14757,51.0,117.0,0,60.0,18000.0,322.0,168.0,18739,6.2,Good
2437,2438,98.0,0.0,USA,18000000.0,8000000.0,1400,41.0,25.0,346,28.0,372.0,262.0,102.0,927,5.0,Fair
1862,1863,95.0,1.0,USA,25530000.0,20047715.0,8008,26.0,23.0,504,0.0,442.0,95.0,26.0,616,5.2,Fair
1059,1060,93.0,1.0,USA,14000000.0,,172489,376.0,145.0,0,270.0,13000.0,954.0,535.0,15192,7.7,Good
3839,3840,100.0,0.0,New Zealand,,728.0,2776,22.0,43.0,285,0.0,109.0,10.0,3.0,122,7.3,Good
2906,2907,140.0,0.0,Denmark,12800000.0,4157491.0,79330,690.0,177.0,0,3000.0,963.0,595.0,322.0,2894,8.0,Good
1893,1894,107.0,2.0,UK,2800000.0,,80958,310.0,154.0,7000,503.0,264.0,139.0,108.0,673,7.6,Good
2249,2250,148.0,0.0,USA,15000000.0,18352454.0,426359,760.0,274.0,76000,0.0,17000.0,882.0,826.0,18752,8.2,Excellent
4151,4152,90.0,1.0,Australia,,,4173,32.0,57.0,0,18.0,130.0,96.0,39.0,362,6.1,Good
4155,4156,88.0,0.0,USA,2800000.0,19170001.0,21359,270.0,110.0,0,152.0,935.0,448.0,181.0,1855,5.3,Fair
72,73,123.0,8.0,USA,175000000.0,161087183.0,118992,971.0,418.0,80000,452.0,10000.0,336.0,329.0,11287,6.9,Good
2396,2397,122.0,0.0,USA,20000000.0,75072454.0,96569,522.0,233.0,0,301.0,1000.0,539.0,457.0,2759,6.7,Good
4196,4197,95.0,1.0,USA,2500000.0,6851969.0,105591,178.0,220.0,10000,53.0,8000.0,1000.0,478.0,10040,7.1,Good
4881,4882,99.0,1.0,USA,,,1465,56.0,,515,45.0,1000.0,393.0,224.0,2166,7.4,Good
836,837,92.0,0.0,USA,60000000.0,217326336.0,57276,146.0,131.0,0,25.0,1000.0,718.0,639.0,2847,5.2,Fair
2868,2869,94.0,2.0,France,13000000.0,6241697.0,16059,210.0,81.0,0,26.0,16000.0,8000.0,4000.0,31005,6.1,Good
3734,3735,99.0,2.0,USA,5000000.0,,12519,107.0,36.0,0,6.0,13000.0,970.0,142.0,14306,6.4,Good
3532,3533,118.0,2.0,USA,7000000.0,46451.0,7663,38.0,27.0,694,0.0,26000.0,854.0,410.0,27756,6.0,Fair
2990,2991,97.0,5.0,USA,12000000.0,3950294.0,56654,124.0,146.0,0,20.0,21000.0,569.0,442.0,22577,7.0,Good
1476,1477,125.0,2.0,UK,35000000.0,18306166.0,28130,215.0,105.0,0,159.0,3000.0,61.0,39.0,3142,6.5,Good
3760,3761,90.0,4.0,USA,5000000.0,6755271.0,7319,131.0,56.0,327,23.0,847.0,591.0,560.0,3004,5.3,Fair
4495,4496,99.0,0.0,USA,1200000.0,2812029.0,664719,931.0,173.0,19000,16000.0,16000.0,12000.0,455.0,28994,8.4,Excellent
2582,2583,135.0,0.0,UK,16000000.0,1666262.0,5321,78.0,64.0,356,133.0,898.0,708.0,258.0,2096,6.7,Good
1694,1695,93.0,0.0,USA,30000000.0,14888028.0,28606,262.0,140.0,0,2.0,849.0,787.0,258.0,2178,5.1,Fair
2110,2111,107.0,11.0,USA,22000000.0,12784713.0,56813,381.0,183.0,0,737.0,6000.0,718.0,678.0,8094,6.7,Good
3892,3893,95.0,2.0,USA,8500000.0,131175.0,30219,200.0,256.0,22000,9.0,584.0,430.0,428.0,1885,5.6,Fair
3261,3262,117.0,0.0,UK,9500000.0,43100000.0,75280,267.0,130.0,0,43.0,742.0,462.0,244.0,2127,6.9,Good
3837,3838,92.0,1.0,Mexico,4700000.0,,421,3.0,10.0,199,4.0,943.0,480.0,140.0,1795,6.2,Good
14,15,143.0,0.0,USA,225000000.0,291021565.0,548573,2536.0,733.0,118000,0.0,15000.0,3000.0,748.0,20495,7.2,Good
4695,4696,106.0,2.0,USA,700000.0,2694973.0,70885,189.0,208.0,0,31.0,33000.0,519.0,71.0,33734,7.2,Good
965,966,98.0,2.0,Germany,50000000.0,55682070.0,159868,304.0,349.0,45000,75.0,10000.0,520.0,467.0,11946,6.1,Good
967,968,109.0,1.0,USA,60000000.0,55092830.0,195043,329.0,288.0,27000,154.0,15000.0,348.0,144.0,15608,6.1,Good
635,636,141.0,2.0,Spain,70000000.0,617840.0,52496,172.0,180.0,29000,448.0,614.0,451.0,334.0,1829,7.2,Good
581,582,93.0,1.0,USA,150000000.0,436471036.0,314630,483.0,205.0,0,80.0,692.0,309.0,48.0,1148,7.2,Good
275,276,84.0,0.0,Germany,133000000.0,140015224.0,94172,179.0,101.0,0,50.0,979.0,886.0,692.0,3382,5.9,Fair
736,737,100.0,4.0,USA,60000000.0,90341670.0,102129,432.0,167.0,0,55.0,12000.0,1000.0,416.0,14611,5.5,Fair
2828,2829,178.0,0.0,Germany,13500000.0,5501940.0,248354,564.0,192.0,14000,101.0,918.0,653.0,471.0,2334,8.3,Excellent
2929,2930,154.0,5.0,USA,12000000.0,39647595.0,239540,462.0,140.0,0,16000.0,22000.0,1000.0,889.0,25522,7.5,Good
4068,4069,125.0,2.0,USA,3000000.0,,109335,241.0,183.0,0,0.0,516.0,417.0,180.0,1328,8.3,Excellent
963,964,101.0,1.0,USA,50000000.0,66002004.0,36431,168.0,117.0,1000,23.0,660.0,651.0,541.0,2177,4.7,Fair
1515,1516,96.0,1.0,USA,35000000.0,183125.0,36914,86.0,98.0,0,165.0,12000.0,774.0,566.0,14978,5.5,Fair
1409,1410,120.0,2.0,USA,35000000.0,134455175.0,97664,232.0,275.0,17000,91.0,4000.0,904.0,680.0,5826,5.7,Fair
586,587,139.0,1.0,USA,80000000.0,136448821.0,98989,158.0,79.0,1000,2000.0,960.0,848.0,808.0,3667,6.6,Good
2659,2660,107.0,1.0,USA,15000000.0,28014536.0,73347,296.0,111.0,0,5.0,893.0,822.0,141.0,2044,7.4,Good
3390,3391,92.0,1.0,UK,8000000.0,8279017.0,34191,339.0,196.0,0,54.0,776.0,595.0,306.0,1761,6.9,Good
1508,1509,93.0,2.0,France,32000000.0,,28848,76.0,58.0,0,18.0,4000.0,820.0,324.0,5377,5.7,Fair
3919,3920,90.0,0.0,USA,,4613815.0,19622,58.0,46.0,931,0.0,812.0,466.0,242.0,1566,6.0,Fair
244,245,101.0,0.0,USA,125000000.0,190871240.0,167085,491.0,348.0,62000,473.0,833.0,809.0,429.0,2690,5.9,Fair
3575,3576,121.0,2.0,Germany,4800000.0,4063859.0,114407,225.0,153.0,11000,31.0,65.0,51.0,43.0,200,7.7,Good
154,155,133.0,3.0,USA,145000000.0,209364921.0,365104,512.0,432.0,35000,663.0,10000.0,10000.0,690.0,21768,7.4,Good
1407,1408,109.0,0.0,USA,35000000.0,124732962.0,286178,631.0,208.0,0,64.0,11000.0,11000.0,505.0,23923,6.8,Good
4744,4745,90.0,5.0,USA,,342936.0,45928,106.0,155.0,0,217.0,10000.0,10000.0,243.0,20480,6.1,Good
289,290,176.0,0.0,USA,100000000.0,130127620.0,324671,458.0,300.0,0,0.0,18000.0,782.0,561.0,20354,7.8,Good
3050,3051,98.0,4.0,UK,11000000.0,18381787.0,15684,126.0,175.0,13000,0.0,358.0,156.0,123.0,1114,6.8,Good
1946,1947,7.0,0.0,UK,,,7968,12.0,12.0,834,,45.0,7.0,3.0,55,8.3,Excellent
1351,1352,102.0,0.0,USA,38000000.0,24044532.0,19686,180.0,106.0,689,43.0,308.0,285.0,280.0,1440,5.6,Fair
4729,4730,89.0,0.0,USA,500000.0,5739376.0,58260,286.0,154.0,0,310.0,22000.0,833.0,587.0,24419,7.7,Good
4021,4022,90.0,1.0,UK,3440000.0,,610,18.0,3.0,606,0.0,1000.0,53.0,37.0,1183,3.1,Bad
4693,4694,201.0,0.0,New Zealand,207000000.0,218051260.0,316027,2618.0,446.0,0,0.0,6000.0,918.0,84.0,7122,7.2,Good
3473,3474,112.0,5.0,Germany,,31973840.0,127760,168.0,160.0,0,20.0,16000.0,109.0,61.0,16289,7.2,Good
3615,3616,96.0,0.0,Ireland,6000000.0,5359774.0,64794,131.0,261.0,17000,51.0,3000.0,482.0,28.0,3569,7.3,Good
2273,2274,96.0,0.0,USA,20000000.0,13630226.0,112516,223.0,150.0,0,83.0,26000.0,968.0,926.0,30541,6.2,Good
2000,2001,91.0,0.0,USA,,12495865.0,7100,35.0,73.0,0,80.0,473.0,31.0,31.0,539,6.8,Good
1139,1140,147.0,3.0,USA,44000000.0,53300852.0,154487,259.0,73.0,0,272.0,22000.0,11000.0,893.0,37076,7.5,Good
2942,2943,89.0,0.0,USA,12000000.0,27281507.0,33850,147.0,75.0,0,53.0,227.0,94.0,84.0,534,7.7,Good
2469,2470,92.0,1.0,USA,18000000.0,,4510,50.0,23.0,0,55.0,1000.0,872.0,757.0,3212,5.2,Fair
2956,2957,109.0,2.0,USA,12000000.0,31990064.0,63390,160.0,191.0,0,14.0,733.0,558.0,376.0,2753,6.4,Good
4691,4692,104.0,,USA,1000000.0,,1354,17.0,23.0,523,0.0,601.0,524.0,195.0,1581,6.3,Good
1031,1032,104.0,1.0,USA,50000000.0,10706786.0,81800,211.0,296.0,15000,71.0,12000.0,2000.0,982.0,16481,5.5,Fair
1190,1191,84.0,3.0,USA,38000000.0,111760631.0,40227,188.0,93.0,681,0.0,13000.0,4000.0,2000.0,22935,4.1,Fair
4263,4264,89.0,3.0,Canada,2000000.0,6719300.0,8224,132.0,56.0,0,149.0,912.0,752.0,580.0,3163,7.2,Good
2016,2017,137.0,4.0,France,25000000.0,717753.0,33107,128.0,252.0,27000,179.0,17000.0,10000.0,4000.0,33747,6.1,Good
2111,2112,104.0,0.0,USA,23500000.0,10696210.0,35018,180.0,75.0,716,87.0,1000.0,826.0,691.0,3148,3.9,Bad
4651,4652,90.0,4.0,USA,1000000.0,,122,3.0,6.0,181,66.0,904.0,782.0,734.0,5435,7.1,Good
828,829,103.0,0.0,USA,57000000.0,51317350.0,78343,139.0,60.0,0,357.0,2000.0,663.0,40.0,2710,6.4,Good
394,395,106.0,2.0,USA,38000000.0,144512310.0,272223,988.0,187.0,14000,357.0,23000.0,14000.0,4000.0,45327,6.7,Good
4973,4974,86.0,1.0,USA,,33598.0,405,15.0,5.0,97,12.0,238.0,166.0,117.0,623,5.4,Fair
1328,1329,159.0,1.0,India,18026148.0,6498000.0,62756,410.0,44.0,21000,50.0,218.0,133.0,72.0,554,8.4,Excellent
2153,2154,135.0,0.0,USA,19400870.0,128300000.0,139288,339.0,171.0,0,14000.0,559.0,481.0,252.0,1591,7.7,Good
2717,2718,105.0,4.0,USA,15000000.0,5217498.0,3668,85.0,49.0,157,52.0,477.0,397.0,275.0,2312,4.6,Fair
30,31,135.0,1.0,USA,200000000.0,373377893.0,411164,1303.0,300.0,0,0.0,24000.0,11000.0,4000.0,43388,7.3,Good
4256,4257,118.0,0.0,USA,2000000.0,11533945.0,77551,434.0,123.0,0,108.0,173.0,148.0,103.0,563,7.6,Good
303,304,102.0,2.0,USA,100000000.0,107515297.0,85833,113.0,203.0,17000,77.0,14000.0,151.0,120.0,14552,6.7,Good
2095,2096,115.0,0.0,UK,22000000.0,25842000.0,13455,87.0,23.0,2000,0.0,12000.0,1000.0,266.0,13619,7.4,Good
2746,2747,93.0,1.0,USA,15000000.0,20380.0,7519,39.0,50.0,445,17.0,1000.0,165.0,66.0,1245,5.9,Fair
4766,4767,90.0,0.0,USA,,,22,,,337,0.0,970.0,812.0,569.0,3359,7.5,Good
25,26,194.0,0.0,USA,200000000.0,658672302.0,793059,2528.0,315.0,26000,0.0,29000.0,14000.0,794.0,45223,7.7,Good
624,625,133.0,1.0,USA,70000000.0,7097125.0,38983,207.0,261.0,11000,0.0,26000.0,326.0,301.0,28129,5.4,Fair
4541,4542,99.0,0.0,Japan,1000000000.0,10037390.0,5442,140.0,107.0,339,2.0,43.0,3.0,3.0,53,6.0,Fair
1514,1515,102.0,0.0,USA,34000000.0,11227940.0,8367,94.0,68.0,120,3.0,372.0,248.0,239.0,1274,5.2,Fair
2627,2628,88.0,1.0,USA,15000000.0,47811275.0,29008,99.0,69.0,896,189.0,934.0,927.0,799.0,3707,5.4,Fair
4905,4906,90.0,0.0,USA,200000.0,,2413,112.0,60.0,198,25.0,169.0,25.0,10.0,206,5.1,Fair
4476,4477,96.0,0.0,USA,1250000.0,,7528,88.0,77.0,0,4.0,796.0,697.0,132.0,1866,5.5,Fair
2116,2117,114.0,1.0,UK,,4829497.0,31433,260.0,111.0,0,2.0,40000.0,1000.0,567.0,42484,6.4,Good
3254,3255,135.0,0.0,South Korea,10000000.0,128486.0,26156,74.0,152.0,0,419.0,398.0,149.0,7.0,569,7.3,Good
310,311,172.0,5.0,Germany,102000000.0,27098580.0,284825,828.0,511.0,124000,670.0,15000.0,5000.0,1000.0,22686,7.5,Good
3163,3164,100.0,0.0,USA,10000000.0,9801782.0,39331,481.0,100.0,0,532.0,4000.0,796.0,711.0,6046,6.3,Good
3052,3053,100.0,0.0,USA,11000000.0,13103828.0,59982,463.0,161.0,5000,0.0,11000.0,472.0,303.0,12237,7.3,Good
3910,3911,101.0,1.0,USA,3200000.0,8243880.0,28714,215.0,157.0,762,47.0,658.0,636.0,407.0,3086,7.0,Good
3689,3690,100.0,3.0,Norway,30300000.0,1196752.0,79353,121.0,284.0,23000,77.0,286.0,52.0,27.0,385,7.6,Good
2261,2262,122.0,1.0,USA,37000000.0,191449475.0,348010,1535.0,350.0,19000,308.0,17000.0,12000.0,10000.0,44061,5.2,Fair
210,211,132.0,3.0,USA,125000000.0,209805005.0,284792,366.0,342.0,54000,681.0,23000.0,14000.0,12000.0,55345,7.3,Good
262,263,76.0,0.0,USA,110000000.0,50026353.0,13581,88.0,104.0,304,6.0,12000.0,513.0,421.0,13607,5.4,Fair
3669,3670,116.0,0.0,USA,5500000.0,50382128.0,10472,202.0,62.0,0,0.0,907.0,637.0,476.0,2723,5.6,Fair
52,53,154.0,2.0,USA,195000000.0,352358779.0,326180,899.0,428.0,46000,0.0,894.0,829.0,581.0,2593,6.3,Good
4358,4359,95.0,0.0,USA,1800000.0,,342585,839.0,192.0,18000,0.0,654.0,575.0,277.0,1991,8.5,Excellent
4067,4068,120.0,1.0,USA,4490375.0,,15293,111.0,67.0,609,13000.0,897.0,844.0,416.0,2811,6.8,Good
3697,3698,104.0,0.0,USA,15000000.0,71897215.0,126893,440.0,411.0,33000,16.0,14000.0,338.0,82.0,14504,7.3,Good
372,373,146.0,0.0,USA,100000000.0,78616689.0,238747,2153.0,281.0,11000,14000.0,3000.0,882.0,681.0,6217,7.1,Good
4499,4500,108.0,0.0,USA,1200000.0,594904.0,2582,89.0,38.0,0,14.0,1000.0,330.0,274.0,1805,6.0,Fair
4578,4579,100.0,0.0,USA,,750100.0,19752,61.0,117.0,0,71.0,11000.0,733.0,145.0,12234,6.3,Good
2013,2014,100.0,2.0,China,25000000.0,129115.0,5900,26.0,65.0,0,3.0,79.0,68.0,55.0,285,6.5,Good
4747,4748,89.0,1.0,USA,500000.0,133778.0,3086,9.0,26.0,0,6.0,14.0,9.0,8.0,44,8.4,Excellent
3797,3798,90.0,0.0,USA,5000000.0,65087.0,8824,108.0,133.0,559,0.0,343.0,29.0,15.0,408,6.2,Good
4606,4607,96.0,3.0,USA,1500000.0,703.0,480,21.0,9.0,47,436.0,474.0,436.0,4.0,920,5.4,Fair
2712,2713,95.0,6.0,USA,15000000.0,9123834.0,4065,33.0,43.0,0,24.0,931.0,539.0,426.0,3322,5.3,Fair
1132,1133,52.0,9.0,France,,,15762,47.0,23.0,17000,,164.0,116.0,114.0,654,8.3,Excellent
1517,1518,128.0,0.0,USA,34000000.0,37432299.0,50041,116.0,117.0,23000,88.0,989.0,970.0,954.0,3386,7.1,Good
3672,3673,105.0,0.0,USA,5500000.0,,36381,169.0,72.0,0,16000.0,16000.0,742.0,258.0,17599,7.6,Good
653,654,136.0,3.0,USA,63000000.0,171383253.0,1217752,3646.0,313.0,25000,0.0,18000.0,145.0,99.0,18563,8.7,Excellent
540,541,90.0,0.0,USA,75000000.0,160762022.0,132415,288.0,143.0,0,10.0,22000.0,17000.0,11000.0,63165,6.0,Fair
2660,2661,99.0,3.0,USA,15000000.0,33860010.0,33088,143.0,128.0,0,3.0,14000.0,982.0,628.0,16461,4.8,Fair
1880,1881,82.0,0.0,USA,30000000.0,80920948.0,23943,118.0,66.0,425,8.0,770.0,677.0,179.0,2251,6.0,Fair
2768,2769,98.0,1.0,USA,15000000.0,68856263.0,69733,97.0,39.0,0,226.0,953.0,730.0,496.0,2496,6.9,Good
1217,1218,99.0,0.0,USA,40000000.0,70163652.0,31968,82.0,65.0,663,14.0,17000.0,826.0,633.0,19334,4.6,Fair
2106,2107,106.0,5.0,UK,22000000.0,29997095.0,60926,302.0,423.0,23000,1000.0,19000.0,17000.0,1000.0,38494,6.4,Good
3888,3889,93.0,0.0,USA,4000000.0,39200000.0,192940,491.0,154.0,0,11000.0,11000.0,636.0,629.0,12691,8.1,Excellent
3479,3480,115.0,4.0,UK,20000000.0,403932.0,5254,92.0,71.0,141,187.0,14000.0,900.0,887.0,17104,6.5,Good
2476,2477,91.0,2.0,France,18000000.0,,5693,34.0,59.0,0,512.0,11000.0,918.0,413.0,13545,5.3,Fair
1362,1363,90.0,0.0,USA,55000000.0,7871693.0,52908,102.0,118.0,0,27.0,13000.0,2000.0,260.0,15494,6.5,Good
2355,2356,236.0,1.0,USA,22000000.0,184208848.0,186485,382.0,92.0,0,0.0,933.0,839.0,232.0,2398,8.0,Good
2563,2564,109.0,0.0,USA,16000000.0,16346122.0,25549,171.0,103.0,0,7.0,835.0,787.0,450.0,2572,7.2,Good
2991,2992,172.0,2.0,Italy,9200000.0,2835886.0,55516,124.0,280.0,29000,667.0,211.0,98.0,70.0,456,7.7,Good
623,624,88.0,1.0,USA,70000000.0,8460990.0,5116,54.0,51.0,5000,6.0,2000.0,1000.0,854.0,6946,5.6,Fair
4908,4909,84.0,0.0,USA,,140016.0,3507,40.0,93.0,443,157.0,962.0,873.0,98.0,2016,6.0,Fair
4525,4526,82.0,4.0,USA,950000.0,,387508,1123.0,242.0,23000,345.0,2000.0,607.0,269.0,3442,8.6,Excellent
934,935,96.0,1.0,USA,50000000.0,126203320.0,110432,309.0,117.0,0,65.0,12000.0,11000.0,828.0,26826,5.8,Fair
1836,1837,111.0,4.0,USA,26000000.0,91457688.0,107801,109.0,46.0,0,425.0,743.0,394.0,344.0,2403,6.0,Fair
1669,1670,63.0,0.0,USA,30000000.0,26687172.0,15600,55.0,162.0,0,15.0,759.0,73.0,69.0,1002,7.3,Good
3341,3342,135.0,0.0,South Korea,8000000.0,,3290,17.0,15.0,387,0.0,28.0,15.0,13.0,97,7.2,Good
4060,4061,108.0,0.0,USA,3000000.0,,33741,141.0,70.0,0,174.0,253.0,197.0,110.0,649,8.1,Excellent
4916,4917,89.0,3.0,USA,2500000.0,,374,10.0,25.0,83,0.0,236.0,189.0,31.0,518,5.4,Fair
3130,3131,97.0,0.0,USA,10000000.0,27736779.0,25210,126.0,189.0,13000,11.0,1000.0,412.0,220.0,2403,5.2,Fair
92,93,98.0,0.0,USA,165000000.0,217387997.0,485430,492.0,288.0,33000,255.0,18000.0,953.0,759.0,20453,8.2,Excellent
1868,1869,116.0,0.0,USA,33000000.0,148085755.0,561773,871.0,366.0,28000,16000.0,16000.0,601.0,198.0,17347,8.2,Excellent
88,89,102.0,0.0,USA,165000000.0,222487711.0,279093,433.0,384.0,41000,38.0,756.0,719.0,562.0,2963,7.9,Good
3994,3995,116.0,0.0,UK,2000000.0,,30982,199.0,110.0,0,13000.0,195.0,146.0,118.0,771,7.5,Good
4289,4290,104.0,1.0,USA,,977600.0,8204,98.0,200.0,0,129.0,991.0,962.0,887.0,3427,6.5,Good
2637,2638,109.0,2.0,USA,7000000.0,40983001.0,181025,336.0,355.0,38000,453.0,15000.0,10000.0,953.0,27788,7.7,Good
3567,3568,100.0,2.0,USA,6500000.0,2024854.0,564,21.0,4.0,19,0.0,1000.0,373.0,266.0,1942,6.6,Good
3253,3254,84.0,5.0,USA,10000000.0,,553,3.0,4.0,119,5.0,670.0,608.0,482.0,2739,5.2,Fair
4360,4361,93.0,0.0,USA,1800000.0,12784397.0,70336,269.0,663.0,31000,188.0,2000.0,458.0,168.0,2658,7.3,Good
685,686,100.0,0.0,USA,70000000.0,17218080.0,43376,249.0,60.0,0,36.0,13000.0,773.0,554.0,15944,5.7,Fair
932,933,115.0,1.0,USA,50000000.0,135014968.0,80580,375.0,55.0,0,293.0,49000.0,22000.0,878.0,74382,6.7,Good
4395,4396,113.0,2.0,USA,1600000.0,,74651,313.0,149.0,6000,0.0,11000.0,481.0,324.0,12157,7.9,Good
797,798,131.0,3.0,USA,60000000.0,18208078.0,57100,281.0,110.0,0,37.0,968.0,848.0,507.0,3012,6.9,Good
590,591,124.0,0.0,USA,70000000.0,117541000.0,269858,316.0,142.0,0,212.0,13000.0,982.0,576.0,16595,7.1,Good
916,917,215.0,0.0,USA,52000000.0,36385763.0,138941,1448.0,156.0,0,0.0,648.0,568.0,463.0,1937,7.6,Good
56,57,122.0,4.0,USA,185000000.0,130468626.0,53607,432.0,322.0,30000,681.0,998.0,119.0,105.0,1327,7.5,Good
860,861,110.0,2.0,USA,55000000.0,56932305.0,96690,293.0,146.0,0,9.0,485.0,110.0,95.0,939,6.6,Good
2294,2295,88.0,3.0,Germany,20000000.0,9109322.0,25371,129.0,32.0,0,84.0,650.0,384.0,177.0,1343,1.9,Bad
1178,1179,144.0,1.0,USA,65000000.0,56083966.0,137003,658.0,167.0,0,241.0,13000.0,3000.0,996.0,18761,6.9,Good
942,943,124.0,2.0,USA,50000000.0,91030827.0,46482,252.0,65.0,0,0.0,8000.0,818.0,701.0,9988,6.7,Good
2480,2481,94.0,1.0,France,24000000.0,39687528.0,140780,376.0,193.0,0,87.0,866.0,794.0,280.0,2124,6.3,Good
40,41,106.0,0.0,USA,200000000.0,191450875.0,101178,283.0,304.0,10000,487.0,1000.0,919.0,776.0,4482,6.3,Good
2655,2656,100.0,1.0,UK,15000000.0,28637507.0,212167,713.0,274.0,0,35.0,10000.0,1000.0,306.0,11471,7.0,Good
2477,2478,98.0,2.0,USA,23000000.0,58006147.0,67653,108.0,97.0,0,209.0,158.0,152.0,129.0,816,6.2,Good
445,446,116.0,7.0,USA,84000000.0,53215979.0,125036,205.0,234.0,22000,23.0,13000.0,12000.0,110.0,25220,6.7,Good
1524,1525,101.0,0.0,USA,33000000.0,51758599.0,27580,232.0,107.0,742,43.0,2000.0,1000.0,655.0,5942,5.5,Fair
4449,4450,106.0,0.0,Argentina,1400000.0,304124.0,2720,37.0,78.0,57,33.0,341.0,5.0,3.0,358,6.7,Good
2740,2741,97.0,0.0,UK,,122288.0,64777,201.0,195.0,0,197.0,13000.0,794.0,570.0,15293,6.4,Good
4278,4279,101.0,0.0,USA,2000000.0,2506446.0,8662,172.0,108.0,134,0.0,8000.0,724.0,685.0,11327,4.7,Fair
4299,4300,90.0,1.0,UK,,120620.0,16828,67.0,58.0,0,31.0,326.0,246.0,137.0,865,7.4,Good
856,857,44.0,4.0,USA,1400000.0,,63982,181.0,77.0,0,,847.0,440.0,72.0,1359,8.4,Excellent
4983,4984,98.0,0.0,USA,25000.0,10246600.0,6375,36.0,36.0,265,0.0,138.0,111.0,73.0,388,6.6,Good
3977,3978,102.0,0.0,USA,3700000.0,2956000.0,3258,54.0,41.0,359,136.0,89.0,78.0,48.0,282,7.1,Good
511,512,124.0,0.0,Germany,78000000.0,92930005.0,204063,764.0,210.0,0,420.0,22000.0,12000.0,876.0,35867,7.2,Good
604,605,118.0,7.0,USA,70000000.0,78031620.0,102248,403.0,371.0,34000,0.0,13000.0,13000.0,559.0,27674,6.1,Good
2643,2644,227.0,8.0,UK,15000000.0,6000000.0,192775,559.0,181.0,11000,767.0,607.0,202.0,87.0,1076,8.4,Excellent
2870,2871,99.0,3.0,USA,13000000.0,5871603.0,3116,39.0,39.0,251,7.0,3000.0,1000.0,730.0,6485,6.0,Fair
4261,4262,119.0,8.0,USA,1614000.0,,2269,34.0,12.0,236,6.0,1000.0,760.0,380.0,2555,7.1,Good
376,377,128.0,1.0,UK,80000000.0,72515360.0,86152,411.0,227.0,0,521.0,591.0,249.0,249.0,2100,6.4,Good
2212,2213,107.0,2.0,USA,20000000.0,36874745.0,12276,117.0,122.0,21000,58.0,141.0,76.0,47.0,389,6.3,Good
1161,1162,115.0,1.0,USA,42000000.0,41543207.0,30077,175.0,114.0,893,73.0,11000.0,3000.0,505.0,15571,6.3,Good
541,542,130.0,0.0,USA,70000000.0,103338338.0,55901,503.0,241.0,0,386.0,912.0,549.0,525.0,2856,6.5,Good
1510,1511,113.0,0.0,USA,34000000.0,102413606.0,310903,524.0,297.0,38000,47.0,988.0,149.0,129.0,1783,6.8,Good
531,532,125.0,0.0,USA,50000000.0,41814863.0,28635,308.0,167.0,893,212.0,613.0,422.0,394.0,1970,5.1,Fair
849,850,123.0,0.0,USA,53000000.0,91400000.0,81026,194.0,82.0,0,12000.0,18000.0,10000.0,665.0,30132,7.3,Good
917,918,118.0,2.0,USA,52000000.0,37035845.0,136680,149.0,215.0,13000,71.0,16000.0,10000.0,634.0,28045,6.4,Good
2841,2842,107.0,5.0,USA,13000000.0,44726644.0,42614,120.0,50.0,0,58.0,549.0,439.0,316.0,1747,6.8,Good
877,878,107.0,1.0,USA,50000000.0,20550712.0,40346,95.0,47.0,1000,99.0,18000.0,11000.0,581.0,31014,5.6,Fair
4396,4397,,4.0,India,70000000.0,129319.0,257,4.0,4.0,9,0.0,421.0,96.0,45.0,622,5.1,Fair
2138,2139,133.0,0.0,USA,,37721949.0,6067,73.0,75.0,0,0.0,1000.0,912.0,637.0,6035,6.0,Fair
1682,1683,94.0,1.0,USA,30000000.0,18500966.0,70341,830.0,158.0,0,110.0,14000.0,829.0,277.0,15271,4.4,Fair
3506,3507,60.0,1.0,USA,,,42402,83.0,27.0,0,,787.0,485.0,346.0,2352,7.7,Good
2847,2848,86.0,0.0,USA,17000000.0,54257433.0,12983,139.0,186.0,0,174.0,619.0,350.0,2.0,971,6.8,Good
1746,1747,90.0,0.0,USA,28000000.0,217350219.0,260939,244.0,124.0,0,63.0,49000.0,2000.0,631.0,52970,8.0,Good
3195,3196,120.0,1.0,Germany,10000000.0,1055654.0,20426,175.0,44.0,0,108.0,634.0,436.0,400.0,2673,7.3,Good
1432,1433,91.0,3.0,USA,35000000.0,43792641.0,32157,119.0,120.0,913,42.0,49000.0,838.0,766.0,52566,5.3,Fair
2861,2862,135.0,2.0,USA,14000000.0,16929123.0,21406,169.0,84.0,0,134.0,4000.0,1000.0,525.0,6214,6.5,Good
3365,3366,109.0,1.0,USA,8000000.0,27362712.0,5971,60.0,37.0,0,44.0,1000.0,886.0,458.0,3199,6.5,Good
4683,4684,99.0,0.0,UK,900000.0,18378.0,9376,74.0,114.0,0,4.0,1000.0,233.0,201.0,1558,5.2,Fair
4025,4026,99.0,1.0,USA,,,1262,13.0,10.0,224,0.0,141.0,69.0,43.0,320,6.1,Good
2489,2490,126.0,0.0,USA,12000000.0,71502303.0,149966,835.0,285.0,0,729.0,912.0,306.0,284.0,2170,7.5,Good
11,12,106.0,1.0,UK,200000000.0,168368427.0,330784,1243.0,403.0,0,395.0,451.0,412.0,393.0,2023,6.7,Good
3428,3429,104.0,0.0,USA,8000000.0,,63,5.0,5.0,205,78.0,502.0,206.0,189.0,1546,8.0,Good
1977,1978,140.0,1.0,USA,25000000.0,13651662.0,332276,514.0,317.0,77000,149.0,27000.0,798.0,581.0,29692,8.2,Excellent
2438,2439,109.0,0.0,USA,18000000.0,13491653.0,23728,213.0,104.0,813,128.0,11000.0,2000.0,1000.0,14995,6.1,Good
4925,4926,92.0,1.0,USA,100000.0,1316074.0,71387,228.0,242.0,21000,135.0,574.0,399.0,259.0,1303,7.0,Good
4560,4561,97.0,1.0,USA,1000000.0,2508841.0,21746,93.0,181.0,0,33.0,496.0,238.0,229.0,994,7.2,Good
3843,3844,90.0,1.0,USA,4500000.0,,71217,228.0,118.0,0,143.0,1000.0,901.0,811.0,5002,7.2,Good
3893,3894,111.0,0.0,USA,3600000.0,31968347.0,93894,286.0,123.0,0,81.0,12000.0,898.0,687.0,14823,7.6,Good
349,350,124.0,3.0,USA,98000000.0,11000000.0,21102,169.0,61.0,1000,212.0,1000.0,903.0,810.0,3611,5.6,Fair
3562,3563,115.0,0.0,USA,6500000.0,,25857,171.0,57.0,0,338.0,116.0,112.0,45.0,394,7.2,Good
1085,1086,102.0,3.0,USA,45000000.0,71423726.0,123558,609.0,213.0,19000,23.0,25000.0,724.0,436.0,26998,7.3,Good
883,884,100.0,0.0,USA,71000000.0,11466088.0,8983,84.0,44.0,316,0.0,995.0,879.0,745.0,3952,4.7,Fair
3714,3715,83.0,0.0,USA,3300000.0,25799043.0,28513,126.0,152.0,0,26.0,10000.0,830.0,801.0,11771,5.2,Fair
2222,2223,108.0,1.0,USA,20000000.0,34126138.0,666937,1514.0,273.0,52000,1000.0,14000.0,4000.0,1000.0,19364,8.3,Excellent
3633,3634,107.0,2.0,USA,6000000.0,869325.0,2281,16.0,17.0,125,0.0,721.0,514.0,284.0,2000,3.8,Bad
320,321,95.0,1.0,USA,100000000.0,4411102.0,20295,164.0,66.0,416,31.0,3000.0,695.0,683.0,6161,3.8,Bad
163,164,121.0,0.0,USA,135000000.0,31704416.0,45455,388.0,145.0,0,357.0,820.0,780.0,653.0,2705,5.0,Fair
3966,3967,141.0,2.0,USA,100000000.0,,67,1.0,1.0,0,335.0,11000.0,744.0,635.0,13391,6.0,Fair
4777,4778,130.0,4.0,USA,215000000.0,234903076.0,175413,511.0,525.0,60000,0.0,44000.0,15000.0,11000.0,73441,6.4,Good
4208,4209,89.0,2.0,USA,2500000.0,,858,7.0,2.0,190,20.0,794.0,607.0,555.0,2579,5.8,Fair
2269,2270,94.0,1.0,USA,20000000.0,13801755.0,23928,100.0,34.0,0,36.0,13000.0,828.0,507.0,15183,6.6,Good
1333,1334,119.0,0.0,USA,40000000.0,25335935.0,242599,1594.0,276.0,14000,0.0,2000.0,505.0,279.0,2853,8.0,Good
3480,3481,53.0,0.0,USA,,,170055,173.0,54.0,61000,,4000.0,1000.0,1000.0,19949,9.0,Excellent
1574,1575,161.0,0.0,USA,31000000.0,87100000.0,52339,200.0,66.0,0,521.0,11000.0,920.0,184.0,12518,7.2,Good
4373,4374,111.0,13.0,USA,1800000.0,,686,8.0,4.0,569,21.0,761.0,713.0,685.0,4306,5.4,Fair
2859,2860,90.0,2.0,USA,6000000.0,22235901.0,4339,31.0,40.0,593,7.0,939.0,890.0,405.0,2815,6.1,Good
4755,4756,87.0,3.0,USA,,,299,11.0,2.0,29,0.0,584.0,507.0,347.0,1924,5.0,Fair
2843,2844,100.0,4.0,USA,12500000.0,48637684.0,16979,42.0,90.0,0,38.0,833.0,807.0,460.0,2800,6.1,Good
3970,3971,104.0,0.0,UK,4000000.0,143653.0,1177,10.0,31.0,0,10.0,507.0,236.0,196.0,1281,6.0,Fair
4791,4792,90.0,0.0,USA,1066167.0,258113.0,42678,135.0,279.0,0,57.0,1000.0,235.0,92.0,1528,7.1,Good
1081,1082,117.0,1.0,USA,45000000.0,83287363.0,81442,137.0,47.0,0,176.0,11000.0,530.0,308.0,12757,6.9,Good
3151,3152,106.0,11.0,USA,10000000.0,28873374.0,22161,68.0,83.0,0,293.0,773.0,734.0,547.0,2787,4.1,Fair
4238,4239,115.0,0.0,USA,,510092.0,29424,336.0,76.0,0,184.0,730.0,648.0,551.0,3293,7.0,Good
3614,3615,104.0,6.0,USA,6000000.0,6670712.0,27301,101.0,149.0,0,20.0,3000.0,591.0,130.0,3825,7.4,Good
3181,3182,100.0,0.0,UK,,5998971.0,58509,143.0,168.0,0,0.0,427.0,269.0,231.0,1022,6.6,Good
3527,3528,103.0,0.0,USA,3500000.0,236266.0,15104,290.0,103.0,0,835.0,13000.0,0.0,,13000,6.2,Good
4111,4112,99.0,5.0,USA,,1007535.0,7625,54.0,152.0,0,89.0,962.0,476.0,322.0,2452,5.7,Fair
1556,1557,98.0,1.0,USA,32000000.0,32701088.0,10018,108.0,75.0,0,61.0,649.0,579.0,83.0,1400,6.9,Good
2832,2833,100.0,5.0,South Korea,13400000.0,163591.0,912,17.0,4.0,502,26.0,898.0,391.0,385.0,2895,3.6,Bad
1046,1047,112.0,8.0,Canada,48000000.0,56607223.0,93367,497.0,103.0,0,109.0,779.0,629.0,261.0,1823,6.4,Good
4562,4563,84.0,3.0,USA,1000000.0,1950218.0,5933,102.0,54.0,387,56.0,21000.0,104.0,13.0,21124,5.6,Fair
375,376,119.0,0.0,USA,95000000.0,73209340.0,101834,628.0,180.0,0,719.0,833.0,624.0,423.0,2356,5.7,Fair
4073,4074,97.0,0.0,USA,3000000.0,,1361,16.0,7.0,889,78.0,685.0,178.0,77.0,1163,6.6,Good
3533,3534,97.0,3.0,UK,7000000.0,233103.0,2670,50.0,49.0,311,554.0,876.0,838.0,530.0,2544,6.9,Good
4981,4982,87.0,0.0,USA,,,760,4.0,15.0,209,8.0,969.0,778.0,272.0,2398,6.3,Good
2598,2599,95.0,0.0,Canada,15500000.0,7774730.0,61912,352.0,251.0,0,571.0,499.0,298.0,102.0,1120,6.5,Good
2654,2655,111.0,0.0,USA,15000000.0,29106737.0,15582,132.0,65.0,849,13.0,818.0,511.0,106.0,1450,6.0,Fair
3039,3040,92.0,0.0,Canada,11000000.0,27669413.0,76207,194.0,156.0,0,52.0,723.0,651.0,647.0,3101,6.0,Fair
4236,4237,90.0,2.0,Canada,2500000.0,,5187,46.0,95.0,870,10.0,371.0,52.0,42.0,558,6.0,Fair
2938,2939,89.0,0.0,USA,12000000.0,31691811.0,57446,369.0,198.0,0,66.0,137000.0,1000.0,1000.0,140268,6.0,Fair
1872,1873,129.0,0.0,USA,25000000.0,121945720.0,89972,126.0,48.0,0,81.0,970.0,854.0,164.0,2551,6.1,Good
1053,1054,123.0,1.0,USA,48000000.0,37339525.0,71708,307.0,158.0,0,0.0,3000.0,745.0,23.0,3768,7.0,Good
4126,4127,80.0,1.0,USA,3000000.0,,1257,24.0,14.0,48,0.0,231.0,27.0,19.0,313,3.3,Bad
479,480,74.0,0.0,USA,80000000.0,60507228.0,27543,186.0,129.0,607,11.0,340.0,243.0,62.0,814,7.3,Good
4539,4540,120.0,11.0,USA,5000000.0,20773070.0,4501,102.0,29.0,0,18.0,634.0,420.0,295.0,1810,3.4,Bad
4198,4199,101.0,1.0,USA,2500000.0,12995673.0,52286,345.0,197.0,24000,119.0,334.0,4.0,0.0,338,7.7,Good
3454,3455,153.0,3.0,USA,6000000.0,872643.0,2909,37.0,16.0,108,5.0,532.0,249.0,60.0,902,5.4,Fair
3790,3791,94.0,1.0,Canada,2200000.0,,1599,27.0,24.0,274,0.0,311.0,59.0,51.0,498,7.2,Good
3950,3951,23.0,1.0,USA,,,7673,47.0,5.0,325,,254.0,248.0,218.0,915,6.1,Good
3811,3812,94.0,1.0,Bahamas,5000000.0,,6964,47.0,64.0,0,261.0,12000.0,316.0,179.0,12676,4.4,Fair
3765,3766,145.0,1.0,Italy,5000000.0,,216005,565.0,164.0,10000,0.0,973.0,423.0,392.0,2589,8.6,Excellent
3321,3322,103.0,1.0,USA,9000000.0,,10100,42.0,19.0,3000,6.0,4000.0,931.0,664.0,6426,6.5,Good
3872,3873,112.0,4.0,UK,3000000.0,26345.0,16445,99.0,111.0,0,63.0,2000.0,1000.0,422.0,4810,6.1,Good
2051,2052,119.0,0.0,USA,19000000.0,65807024.0,172405,203.0,63.0,0,0.0,10000.0,345.0,244.0,11013,6.8,Good
686,687,105.0,1.0,France,65000000.0,10014234.0,8560,69.0,60.0,177,0.0,975.0,909.0,506.0,3580,5.0,Fair
824,825,125.0,0.0,USA,58000000.0,49875589.0,28807,273.0,144.0,0,143.0,1000.0,664.0,519.0,4416,5.9,Fair
3355,3356,95.0,0.0,UK,,76657000.0,25498,92.0,63.0,0,21.0,1000.0,985.0,842.0,5673,7.7,Good
533,534,125.0,6.0,USA,75000000.0,117698894.0,447979,629.0,384.0,105000,255.0,11000.0,988.0,963.0,13312,7.3,Good
3882,3883,104.0,0.0,Russia,4200000.0,1487477.0,47097,310.0,232.0,0,335.0,114.0,28.0,16.0,206,6.5,Good
730,731,140.0,1.0,USA,60000000.0,80574010.0,63493,302.0,213.0,26000,708.0,11000.0,8000.0,745.0,20440,5.7,Fair
4912,4913,86.0,0.0,USA,,15542.0,6689,51.0,38.0,0,123.0,3000.0,985.0,782.0,7144,6.5,Good
3899,3900,60.0,1.0,USA,,,3852,47.0,9.0,634,,1000.0,1000.0,904.0,5203,7.5,Good
3296,3297,114.0,0.0,USA,,6610326.0,32188,127.0,201.0,0,84.0,22000.0,929.0,338.0,23770,7.2,Good
2326,2327,118.0,4.0,USA,20000000.0,2246000.0,2302,20.0,27.0,0,14.0,2000.0,769.0,400.0,3384,7.0,Good
3245,3246,91.0,0.0,Canada,10000000.0,,1642,11.0,5.0,0,8.0,485.0,152.0,111.0,964,4.5,Fair
4836,4837,102.0,0.0,India,300000.0,16892.0,341,12.0,15.0,379,95.0,,,,0,7.6,Good
3124,3125,85.0,0.0,USA,8500000.0,28563926.0,16300,217.0,86.0,720,21.0,931.0,855.0,782.0,3819,5.0,Fair
4034,4035,91.0,0.0,USA,3300000.0,8108247.0,9607,174.0,60.0,0,38.0,625.0,464.0,377.0,2747,7.4,Good
497,498,116.0,0.0,USA,80000000.0,19480739.0,53057,457.0,123.0,0,503.0,23000.0,18000.0,982.0,43887,5.6,Fair
4564,4565,91.0,3.0,UK,3500000.0,45857453.0,82232,174.0,122.0,0,11.0,1000.0,891.0,121.0,2323,7.2,Good
2121,2122,92.0,1.0,UK,22000000.0,2963012.0,48873,105.0,149.0,11000,17.0,14000.0,257.0,231.0,14617,6.3,Good
3701,3702,89.0,0.0,USA,5000000.0,50820940.0,31915,159.0,183.0,18000,10.0,852.0,707.0,704.0,5056,4.4,Fair
3716,3717,104.0,0.0,USA,5000000.0,27689474.0,85688,339.0,336.0,23000,59.0,972.0,407.0,202.0,2071,6.5,Good
4724,4725,86.0,0.0,USA,500000.0,39552600.0,3411,36.0,5.0,816,24.0,407.0,189.0,142.0,1090,6.1,Good
4179,4180,86.0,6.0,USA,2500000.0,40041683.0,34620,107.0,129.0,0,89.0,713.0,584.0,555.0,3421,5.1,Fair
3831,3832,79.0,0.0,France,,,262,6.0,7.0,11,0.0,226.0,40.0,20.0,286,5.4,Fair
4673,4674,112.0,1.0,USA,777000.0,115000000.0,63839,238.0,100.0,0,0.0,11000.0,2000.0,425.0,14954,7.5,Good
691,692,133.0,1.0,USA,64000000.0,31054924.0,17025,290.0,96.0,295,521.0,11000.0,1000.0,970.0,16710,5.1,Fair
1203,1204,123.0,2.0,USA,40000000.0,94125426.0,79264,277.0,252.0,13000,0.0,11000.0,935.0,923.0,13321,7.0,Good
